{
	"info": {
		"_postman_id": "c6f347a2-5c51-41b9-b47c-c2ecdf5400e3",
		"name": "shrishivom",
		"schema": "https://schema.getpostman.com/json/collection/v2.1.0/collection.json",
		"_exporter_id": "15939208"
	},
	"item": [
		{
			"name": "login",
			"request": {
				"method": "POST",
				"header": [],
				"body": {
					"mode": "formdata",
					"formdata": [
						{
							"key": "email",
							"value": "admin@example.com",
							"type": "text"
						},
						{
							"key": "password",
							"value": "12345",
							"type": "text"
						}
					]
				},
				"url": {
					"raw": "http://127.0.0.1:8000/api/login",
					"protocol": "http",
					"host": [
						"127",
						"0",
						"0",
						"1"
					],
					"port": "8000",
					"path": [
						"api",
						"login"
					]
				}
			},
			"response": []
		},
		{
			"name": "createtask",
			"request": {
				"auth": {
					"type": "bearer",
					"bearer": [
						{
							"key": "token",
							"value": "1|7Mgf2JuoQZ0iqeEKsDA4ZyuAk3j8eGVGrL3m2aNj66b69fbf",
							"type": "string"
						}
					]
				},
				"method": "POST",
				"header": [],
				"body": {
					"mode": "formdata",
					"formdata": [
						{
							"key": "title",
							"value": "Title-4",
							"type": "text"
						},
						{
							"key": "description",
							"value": "Description-4",
							"type": "text"
						},
						{
							"key": "status",
							"value": "Pending",
							"type": "text"
						}
					]
				},
				"url": {
					"raw": "http://127.0.0.1:8000/api/createtask",
					"protocol": "http",
					"host": [
						"127",
						"0",
						"0",
						"1"
					],
					"port": "8000",
					"path": [
						"api",
						"createtask"
					]
				}
			},
			"response": []
		},
		{
			"name": "update task",
			"request": {
				"auth": {
					"type": "bearer",
					"bearer": [
						{
							"key": "token",
							"value": "1|7Mgf2JuoQZ0iqeEKsDA4ZyuAk3j8eGVGrL3m2aNj66b69fbf",
							"type": "string"
						}
					]
				},
				"method": "POST",
				"header": [],
				"body": {
					"mode": "formdata",
					"formdata": [
						{
							"key": "title",
							"value": "title-100",
							"type": "text"
						},
						{
							"key": "description",
							"value": "Description -100",
							"type": "text"
						},
						{
							"key": "status",
							"value": "In Progress",
							"type": "text"
						}
					]
				},
				"url": {
					"raw": "http://127.0.0.1:8000/api/taskupdate/4",
					"protocol": "http",
					"host": [
						"127",
						"0",
						"0",
						"1"
					],
					"port": "8000",
					"path": [
						"api",
						"taskupdate",
						"4"
					]
				}
			},
			"response": []
		},
		{
			"name": "singletask",
			"protocolProfileBehavior": {
				"disableBodyPruning": true
			},
			"request": {
				"auth": {
					"type": "bearer",
					"bearer": [
						{
							"key": "token",
							"value": "1|7Mgf2JuoQZ0iqeEKsDA4ZyuAk3j8eGVGrL3m2aNj66b69fbf",
							"type": "string"
						}
					]
				},
				"method": "GET",
				"header": [],
				"body": {
					"mode": "formdata",
					"formdata": []
				},
				"url": {
					"raw": "http://127.0.0.1:8000/api/singletask/4",
					"protocol": "http",
					"host": [
						"127",
						"0",
						"0",
						"1"
					],
					"port": "8000",
					"path": [
						"api",
						"singletask",
						"4"
					]
				}
			},
			"response": []
		},
		{
			"name": "tasklist",
			"protocolProfileBehavior": {
				"disableBodyPruning": true
			},
			"request": {
				"auth": {
					"type": "bearer",
					"bearer": [
						{
							"key": "token",
							"value": "1|7Mgf2JuoQZ0iqeEKsDA4ZyuAk3j8eGVGrL3m2aNj66b69fbf",
							"type": "string"
						}
					]
				},
				"method": "GET",
				"header": [],
				"body": {
					"mode": "formdata",
					"formdata": []
				},
				"url": {
					"raw": "http://127.0.0.1:8000/api/tasks",
					"protocol": "http",
					"host": [
						"127",
						"0",
						"0",
						"1"
					],
					"port": "8000",
					"path": [
						"api",
						"tasks"
					]
				}
			},
			"response": []
		},
		{
			"name": "taskbystatus",
			"request": {
				"method": "GET",
				"header": []
			},
			"response": []
		},
		{
			"name": "deletetask",
			"request": {
				"auth": {
					"type": "bearer",
					"bearer": [
						{
							"key": "token",
							"value": "1|7Mgf2JuoQZ0iqeEKsDA4ZyuAk3j8eGVGrL3m2aNj66b69fbf",
							"type": "string"
						}
					]
				},
				"method": "DELETE",
				"header": [],
				"body": {
					"mode": "formdata",
					"formdata": []
				},
				"url": {
					"raw": "http://127.0.0.1:8000/api/taskdelete/4",
					"protocol": "http",
					"host": [
						"127",
						"0",
						"0",
						"1"
					],
					"port": "8000",
					"path": [
						"api",
						"taskdelete",
						"4"
					]
				}
			},
			"response": []
		}
	]
}